[
  {
    "name": "Enamel Violet Charm",
    "description": "Vintage circa 1890s. The cutest addition to any charm bracelet or necklace!",
    "price": 5,
    "stock": 10,
    "image": "/imgs/violetcharm.png"
  },
  {
    "name": "Hand-Painted Lighter",
    "description": "Vintage circa 1960s. Fully functional, fully fashionable.",
    "price": 150,
    "currentPrice": 100,
    "stock": 2,
    "image": "/imgs/lighter.png"
  },
  {
    "name": "Sterling Silver Heart Keychain",
    "description": "Vintage circa 1970s. Sweet, timeless accessory to elevate any keys with.",
    "price": 2,
    "stock": 100,
    "image": "/imgs/keychainheart.jpeg"
  },
  {
    "name": "Art Nouveau Drop Earrings",
    "description": "Vintage circa 1940s. Elegant, detailed, poised. For special occasions.",
    "price": 1000,
    "currentPrice": 100,
    "stock": 1,
    "image": "/imgs/dropearrings.png"
  },
  
    {
    "name": "Red Flower Knit Turtleneck Sweater",
    "description": "Vintage circa 1970s. Hand-stitched with love, made from wool and cashmere blend.",
    "price": 125,
    "stock": 15,
    "image": "/imgs/sweater.jpeg"
  },
    {
    "name": "Frye Campus Boots",
    "description": "Vintage circa 1990s. Literally the best boots on earth. You'll be walking in your Fryes until the day you die!.",
    "price": 300,
    "stock": 10,
    "image": "/imgs/fryes.png"
  },
    {
    "name": "Accessorized Leather Purse",
    "description": "Vintage circa 2000s. Inspired by Jane Birkin, this pre-loved, pre-stylized bag is the perfect addition to any outfit.",
    "price": 50,
    "stock": 10,
    "image": "/imgs/jbbag.png"
    },
    {
    "name": "Filet Crochet Bird Drawstring Pouch",
    "description": "Vintage circa 1950s. A sweet, easy-breezy accessory to have on-hand this spring season.",
    "price": 15,
    "stock": 10,
    "image": "/imgs/crochet.png"
    },
    {
    "name": "Miu Miu Denim Floral Heel Pumps",
    "description": "Vintage circa 1990s. Peak 90's Miu Miu heels. Great vintage condition!",
    "price": 350,
    "stock": 2,
    "image": "/imgs/miumiu.png"
    }
    
]
